match_id,tournament_id,stage_name,stadium_id,home_team_id,away_team_id,home_team_score,away_team_score,home_team_score_penalties,away_team_score_penalties,home_team_win,away_team_win,draw
M-1930-01,WC-1930,group stage,S-185,T-28,T-44,4,1,0,0,1,0,0
M-1930-02,WC-1930,group stage,S-184,T-79,T-06,3,0,0,0,1,0,0
M-1930-03,WC-1930,group stage,S-184,T-83,T-09,2,1,0,0,1,0,0
M-1930-04,WC-1930,group stage,S-185,T-58,T-54,3,1,0,0,1,0,0
M-1930-05,WC-1930,group stage,S-184,T-03,T-28,1,0,0,0,1,0,0
M-1930-06,WC-1930,group stage,S-184,T-13,T-44,3,0,0,0,1,0,0
M-1930-07,WC-1930,group stage,S-184,T-83,T-07,4,0,0,0,1,0,0
M-1930-08,WC-1930,group stage,S-184,T-79,T-53,3,0,0,0,1,0,0
M-1930-09,WC-1930,group stage,S-183,T-80,T-54,1,0,0,0,1,0,0
M-1930-10,WC-1930,group stage,S-183,T-13,T-28,1,0,0,0,1,0,0
M-1930-11,WC-1930,group stage,S-183,T-03,T-44,6,3,0,0,1,0,0
M-1930-12,WC-1930,group stage,S-183,T-09,T-07,4,0,0,0,1,0,0
M-1930-13,WC-1930,group stage,S-183,T-53,T-06,1,0,0,0,1,0,0
M-1930-14,WC-1930,group stage,S-183,T-80,T-58,4,0,0,0,1,0,0
M-1930-15,WC-1930,group stage,S-183,T-03,T-13,3,1,0,0,1,0,0
M-1930-16,WC-1930,semi-finals,S-183,T-03,T-79,6,1,0,0,1,0,0
M-1930-17,WC-1930,semi-finals,S-183,T-80,T-83,6,1,0,0,1,0,0
M-1930-18,WC-1930,final,S-183,T-80,T-03,4,2,0,0,1,0,0
M-1934-01,WC-1934,round of 16,S-081,T-05,T-28,3,2,0,0,1,0,0
M-1934-02,WC-1934,round of 16,S-080,T-20,T-58,2,1,0,0,1,0,0
M-1934-03,WC-1934,round of 16,S-072,T-29,T-06,5,2,0,0,1,0,0
M-1934-04,WC-1934,round of 16,S-075,T-34,T-25,4,2,0,0,1,0,0
M-1934-05,WC-1934,round of 16,S-078,T-39,T-79,7,1,0,0,1,0,0
M-1934-06,WC-1934,round of 16,S-073,T-70,T-09,3,1,0,0,1,0,0
M-1934-07,WC-1934,round of 16,S-069,T-71,T-03,3,2,0,0,1,0,0
M-1934-08,WC-1934,round of 16,S-074,T-72,T-46,3,2,0,0,1,0,0
M-1934-09,WC-1934,quarter-finals,S-069,T-05,T-34,2,1,0,0,1,0,0
M-1934-10,WC-1934,quarter-finals,S-081,T-20,T-72,3,2,0,0,1,0,0
M-1934-11,WC-1934,quarter-finals,S-074,T-29,T-71,2,1,0,0,1,0,0
M-1934-12,WC-1934,quarter-finals,S-072,T-39,T-70,1,1,0,0,0,0,1
M-1934-13,WC-1934,quarter-finals,S-072,T-39,T-70,1,0,0,0,1,0,0
M-1934-14,WC-1934,semi-finals,S-078,T-20,T-29,3,1,0,0,1,0,0
M-1934-15,WC-1934,semi-finals,S-074,T-39,T-05,1,0,0,0,1,0,0
M-1934-16,WC-1934,third-place match,S-075,T-29,T-05,3,2,0,0,1,0,0
M-1934-17,WC-1934,final,S-078,T-39,T-20,2,1,0,0,1,0,0
M-1938-01,WC-1938,round of 16,S-045,T-72,T-29,1,1,0,0,0,0,1
M-1938-02,WC-1938,round of 16,S-052,T-18,T-58,3,3,0,0,0,0,1
M-1938-03,WC-1938,round of 16,S-046,T-28,T-06,3,1,0,0,1,0,0
M-1938-04,WC-1938,round of 16,S-047,T-34,T-22,6,0,0,0,1,0,0
M-1938-05,WC-1938,round of 16,S-042,T-39,T-51,2,1,0,0,1,0,0
M-1938-06,WC-1938,round of 16,S-050,T-09,T-55,6,5,0,0,1,0,0
M-1938-07,WC-1938,round of 16,S-038,T-20,T-46,3,0,0,0,1,0,0
M-1938-08,WC-1938,round of 16,S-052,T-18,T-58,2,1,0,0,1,0,0
M-1938-09,WC-1938,round of 16,S-045,T-72,T-29,4,2,0,0,1,0,0
M-1938-10,WC-1938,quarter-finals,S-037,T-09,T-20,1,1,0,0,0,0,1
M-1938-11,WC-1938,quarter-finals,S-040,T-34,T-72,2,0,0,0,1,0,0
M-1938-12,WC-1938,quarter-finals,S-046,T-39,T-28,3,1,0,0,1,0,0
M-1938-13,WC-1938,quarter-finals,S-036,T-71,T-18,8,0,0,0,1,0,0
M-1938-14,WC-1938,quarter-finals,S-037,T-09,T-20,2,1,0,0,1,0,0
M-1938-15,WC-1938,semi-finals,S-045,T-34,T-71,5,1,0,0,1,0,0
M-1938-16,WC-1938,semi-finals,S-042,T-39,T-09,2,1,0,0,1,0,0
M-1938-17,WC-1938,third-place match,S-037,T-09,T-71,4,2,0,0,1,0,0
M-1938-18,WC-1938,final,S-046,T-39,T-34,4,2,0,0,1,0,0
M-1950-01,WC-1950,group stage,S-020,T-09,T-44,4,0,0,0,1,0,0
M-1950-02,WC-1950,group stage,S-007,T-83,T-72,3,0,0,0,1,0,0
M-1950-03,WC-1950,group stage,S-020,T-27,T-13,2,0,0,0,1,0,0
M-1950-04,WC-1950,group stage,S-012,T-70,T-79,3,1,0,0,1,0,0
M-1950-05,WC-1950,group stage,S-023,T-71,T-39,3,2,0,0,1,0,0
M-1950-06,WC-1950,group stage,S-023,T-09,T-72,2,2,0,0,0,0,1
M-1950-07,WC-1950,group stage,S-017,T-83,T-44,4,1,0,0,1,0,0
M-1950-08,WC-1950,group stage,S-020,T-70,T-13,2,0,0,0,1,0,0
M-1950-09,WC-1950,group stage,S-007,T-79,T-27,1,0,0,0,1,0,0
M-1950-10,WC-1950,group stage,S-012,T-71,T-53,2,2,0,0,0,0,1
M-1950-11,WC-1950,group stage,S-020,T-09,T-83,2,0,0,0,1,0,0
M-1950-12,WC-1950,group stage,S-019,T-13,T-79,5,2,0,0,1,0,0
M-1950-13,WC-1950,group stage,S-020,T-70,T-27,1,0,0,0,1,0,0
M-1950-14,WC-1950,group stage,S-023,T-39,T-53,2,0,0,0,1,0,0
M-1950-15,WC-1950,group stage,S-007,T-80,T-07,8,0,0,0,1,0,0
M-1950-16,WC-1950,group stage,S-017,T-72,T-44,2,1,0,0,1,0,0
M-1950-17,WC-1950,final round,S-020,T-09,T-71,7,1,0,0,1,0,0
M-1950-18,WC-1950,final round,S-023,T-80,T-70,2,2,0,0,0,0,1
M-1950-19,WC-1950,final round,S-020,T-09,T-70,6,1,0,0,1,0,0
M-1950-20,WC-1950,final round,S-023,T-80,T-71,3,2,0,0,1,0,0
M-1950-21,WC-1950,final round,S-023,T-71,T-70,3,1,0,0,1,0,0
M-1950-22,WC-1950,final round,S-020,T-80,T-09,2,1,0,0,1,0,0
M-1954-01,WC-1954,group stage,S-170,T-09,T-44,5,0,0,0,1,0,0
M-1954-02,WC-1954,group stage,S-171,T-83,T-28,1,0,0,0,1,0,0
M-1954-03,WC-1954,group stage,S-173,T-05,T-61,1,0,0,0,1,0,0
M-1954-04,WC-1954,group stage,S-169,T-80,T-20,2,0,0,0,1,0,0
M-1954-05,WC-1954,group stage,S-171,T-72,T-39,2,1,0,0,1,0,0
M-1954-06,WC-1954,group stage,S-173,T-34,T-68,9,0,0,0,1,0,0
M-1954-07,WC-1954,group stage,S-169,T-82,T-76,4,1,0,0,1,0,0
M-1954-08,WC-1954,group stage,S-168,T-27,T-06,4,4,0,0,0,0,1
M-1954-09,WC-1954,group stage,S-168,T-80,T-61,7,0,0,0,1,0,0
M-1954-10,WC-1954,group stage,S-171,T-09,T-83,1,1,0,0,0,0,1
M-1954-11,WC-1954,group stage,S-173,T-05,T-20,5,0,0,0,1,0,0
M-1954-12,WC-1954,group stage,S-170,T-28,T-44,3,2,0,0,1,0,0
M-1954-13,WC-1954,group stage,S-168,T-34,T-82,8,3,0,0,1,0,0
M-1954-14,WC-1954,group stage,S-170,T-76,T-68,7,0,0,0,1,0,0
M-1954-15,WC-1954,group stage,S-172,T-39,T-06,4,1,0,0,1,0,0
M-1954-16,WC-1954,group stage,S-169,T-27,T-72,2,0,0,0,1,0,0
M-1954-17,WC-1954,group stage,S-173,T-82,T-76,7,2,0,0,1,0,0
M-1954-18,WC-1954,group stage,S-168,T-72,T-39,4,1,0,0,1,0,0
M-1954-19,WC-1954,quarter-finals,S-171,T-05,T-72,7,5,0,0,1,0,0
M-1954-20,WC-1954,quarter-finals,S-168,T-80,T-27,4,2,0,0,1,0,0
M-1954-21,WC-1954,quarter-finals,S-169,T-34,T-09,4,2,0,0,1,0,0
M-1954-22,WC-1954,quarter-finals,S-170,T-82,T-83,2,0,0,0,1,0,0
M-1954-23,WC-1954,semi-finals,S-171,T-34,T-80,4,2,0,0,1,0,0
M-1954-24,WC-1954,semi-finals,S-168,T-82,T-05,6,1,0,0,1,0,0
M-1954-25,WC-1954,third-place match,S-173,T-05,T-80,3,1,0,0,1,0,0
M-1954-26,WC-1954,final,S-169,T-82,T-34,3,2,0,0,1,0,0
M-1958-01,WC-1958,group stage,S-165,T-71,T-44,3,0,0,0,1,0,0
M-1958-02,WC-1958,group stage,S-161,T-03,T-82,1,3,0,0,0,1,0
M-1958-03,WC-1958,group stage,S-159,T-50,T-20,1,0,0,0,1,0,0
M-1958-04,WC-1958,group stage,S-162,T-28,T-53,7,3,0,0,1,0,0
M-1958-05,WC-1958,group stage,S-167,T-83,T-61,1,1,0,0,0,0,1
M-1958-06,WC-1958,group stage,S-164,T-34,T-81,1,1,0,0,0,0,1
M-1958-07,WC-1958,group stage,S-166,T-09,T-05,3,0,0,0,1,0,0
M-1958-08,WC-1958,group stage,S-158,T-69,T-27,2,2,0,0,0,0,1
M-1958-09,WC-1958,group stage,S-159,T-03,T-50,3,1,0,0,1,0,0
M-1958-10,WC-1958,group stage,S-160,T-82,T-20,2,2,0,0,0,0,1
M-1958-11,WC-1958,group stage,S-162,T-53,T-61,3,2,0,0,1,0,0
M-1958-12,WC-1958,group stage,S-167,T-83,T-28,3,2,0,0,1,0,0
M-1958-13,WC-1958,group stage,S-165,T-44,T-81,1,1,0,0,0,0,1
M-1958-14,WC-1958,group stage,S-158,T-09,T-27,0,0,0,0,0,0,1
M-1958-15,WC-1958,group stage,S-156,T-69,T-05,2,0,0,0,1,0,0
M-1958-16,WC-1958,group stage,S-165,T-71,T-34,2,1,0,0,1,0,0
M-1958-17,WC-1958,group stage,S-165,T-71,T-81,0,0,0,0,0,0,1
M-1958-18,WC-1958,group stage,S-160,T-20,T-03,6,1,0,0,1,0,0
M-1958-19,WC-1958,group stage,S-161,T-82,T-50,2,2,0,0,0,0,1
M-1958-20,WC-1958,group stage,S-163,T-28,T-61,2,1,0,0,1,0,0
M-1958-21,WC-1958,group stage,S-157,T-53,T-83,3,3,0,0,0,0,1
M-1958-22,WC-1958,group stage,S-164,T-34,T-44,4,0,0,0,1,0,0
M-1958-23,WC-1958,group stage,S-158,T-09,T-69,2,0,0,0,1,0,0
M-1958-24,WC-1958,group stage,S-156,T-27,T-05,2,2,0,0,0,0,1
M-1958-25,WC-1958,group stage,S-161,T-50,T-20,2,1,0,0,1,0,0
M-1958-26,WC-1958,group stage,S-165,T-81,T-34,2,1,0,0,1,0,0
M-1958-27,WC-1958,group stage,S-158,T-69,T-27,1,0,0,0,1,0,0
M-1958-28,WC-1958,quarter-finals,S-158,T-09,T-81,1,0,0,0,1,0,0
M-1958-29,WC-1958,quarter-finals,S-162,T-28,T-50,4,0,0,0,1,0,0
M-1958-30,WC-1958,quarter-finals,S-165,T-71,T-69,2,0,0,0,1,0,0
M-1958-31,WC-1958,quarter-finals,S-161,T-82,T-83,1,0,0,0,1,0,0
M-1958-32,WC-1958,semi-finals,S-165,T-09,T-28,5,2,0,0,1,0,0
M-1958-33,WC-1958,semi-finals,S-158,T-71,T-82,3,1,0,0,1,0,0
M-1958-34,WC-1958,third-place match,S-158,T-28,T-82,6,3,0,0,1,0,0
M-1958-35,WC-1958,final,S-165,T-09,T-71,5,2,0,0,1,0,0
M-1962-01,WC-1962,group stage,S-024,T-80,T-15,2,1,0,0,1,0,0
M-1962-02,WC-1962,group stage,S-026,T-13,T-72,3,1,0,0,1,0,0
M-1962-03,WC-1962,group stage,S-027,T-09,T-44,2,0,0,0,1,0,0
M-1962-04,WC-1962,group stage,S-025,T-03,T-10,1,0,0,0,1,0,0
M-1962-05,WC-1962,group stage,S-024,T-69,T-83,2,0,0,0,1,0,0
M-1962-06,WC-1962,group stage,S-026,T-82,T-39,0,0,0,0,0,0,1
M-1962-07,WC-1962,group stage,S-027,T-20,T-70,1,0,0,0,1,0,0
M-1962-08,WC-1962,group stage,S-025,T-34,T-27,2,1,0,0,1,0,0
M-1962-09,WC-1962,group stage,S-024,T-83,T-80,3,1,0,0,1,0,0
M-1962-10,WC-1962,group stage,S-026,T-13,T-39,2,0,0,0,1,0,0
M-1962-11,WC-1962,group stage,S-027,T-09,T-20,0,0,0,0,0,0,1
M-1962-12,WC-1962,group stage,S-025,T-27,T-03,3,1,0,0,1,0,0
M-1962-13,WC-1962,group stage,S-024,T-69,T-15,4,4,0,0,0,0,1
M-1962-14,WC-1962,group stage,S-026,T-82,T-72,2,1,0,0,1,0,0
M-1962-15,WC-1962,group stage,S-027,T-70,T-44,1,0,0,0,1,0,0
M-1962-16,WC-1962,group stage,S-025,T-34,T-10,6,1,0,0,1,0,0
M-1962-17,WC-1962,group stage,S-024,T-69,T-80,2,1,0,0,1,0,0
M-1962-18,WC-1962,group stage,S-026,T-82,T-13,2,0,0,0,1,0,0
M-1962-19,WC-1962,group stage,S-027,T-09,T-70,2,1,0,0,1,0,0
M-1962-20,WC-1962,group stage,S-025,T-34,T-03,0,0,0,0,0,0,1
M-1962-21,WC-1962,group stage,S-024,T-83,T-15,5,0,0,0,1,0,0
M-1962-22,WC-1962,group stage,S-026,T-39,T-72,3,0,0,0,1,0,0
M-1962-23,WC-1962,group stage,S-027,T-44,T-20,3,1,0,0,1,0,0
M-1962-24,WC-1962,group stage,S-025,T-27,T-10,0,0,0,0,0,0,1
M-1962-25,WC-1962,quarter-finals,S-027,T-09,T-27,3,1,0,0,1,0,0
M-1962-26,WC-1962,quarter-finals,S-024,T-13,T-69,2,1,0,0,1,0,0
M-1962-27,WC-1962,quarter-finals,S-025,T-20,T-34,1,0,0,0,1,0,0
M-1962-28,WC-1962,quarter-finals,S-026,T-83,T-82,1,0,0,0,1,0,0
M-1962-29,WC-1962,semi-finals,S-026,T-09,T-13,4,2,0,0,1,0,0
M-1962-30,WC-1962,semi-finals,S-027,T-20,T-83,3,1,0,0,1,0,0
M-1962-31,WC-1962,third-place match,S-026,T-13,T-83,1,0,0,0,1,0,0
M-1962-32,WC-1962,final,S-026,T-09,T-20,3,1,0,0,1,0,0
M-1966-01,WC-1966,group stage,S-030,T-27,T-80,0,0,0,0,0,0,1
M-1966-02,WC-1966,group stage,S-034,T-82,T-72,5,0,0,0,1,0,0
M-1966-03,WC-1966,group stage,S-029,T-09,T-10,2,0,0,0,1,0,0
M-1966-04,WC-1966,group stage,S-033,T-69,T-49,3,0,0,0,1,0,0
M-1966-05,WC-1966,group stage,S-030,T-28,T-44,1,1,0,0,0,0,1
M-1966-06,WC-1966,group stage,S-028,T-03,T-70,2,1,0,0,1,0,0
M-1966-07,WC-1966,group stage,S-032,T-56,T-34,3,1,0,0,1,0,0
M-1966-08,WC-1966,group stage,S-035,T-39,T-13,2,0,0,0,1,0,0
M-1966-09,WC-1966,group stage,S-031,T-80,T-28,2,1,0,0,1,0,0
M-1966-10,WC-1966,group stage,S-034,T-70,T-72,2,1,0,0,1,0,0
M-1966-11,WC-1966,group stage,S-029,T-34,T-09,3,1,0,0,1,0,0
M-1966-12,WC-1966,group stage,S-033,T-13,T-49,1,1,0,0,0,0,1
M-1966-13,WC-1966,group stage,S-028,T-03,T-82,0,0,0,0,0,0,1
M-1966-14,WC-1966,group stage,S-032,T-56,T-10,3,0,0,0,1,0,0
M-1966-15,WC-1966,group stage,S-035,T-69,T-39,1,0,0,0,1,0,0
M-1966-16,WC-1966,group stage,S-030,T-27,T-44,2,0,0,0,1,0,0
M-1966-17,WC-1966,group stage,S-030,T-44,T-80,0,0,0,0,0,0,1
M-1966-18,WC-1966,group stage,S-034,T-03,T-72,2,0,0,0,1,0,0
M-1966-19,WC-1966,group stage,S-029,T-56,T-09,3,1,0,0,1,0,0
M-1966-20,WC-1966,group stage,S-033,T-49,T-39,1,0,0,0,1,0,0
M-1966-21,WC-1966,group stage,S-030,T-27,T-28,2,0,0,0,1,0,0
M-1966-22,WC-1966,group stage,S-028,T-82,T-70,2,1,0,0,1,0,0
M-1966-23,WC-1966,group stage,S-032,T-34,T-10,3,1,0,0,1,0,0
M-1966-24,WC-1966,group stage,S-035,T-69,T-13,2,1,0,0,1,0,0
M-1966-25,WC-1966,quarter-finals,S-030,T-27,T-03,1,0,0,0,1,0,0
M-1966-26,WC-1966,quarter-finals,S-029,T-56,T-49,5,3,0,0,1,0,0
M-1966-27,WC-1966,quarter-finals,S-035,T-69,T-34,2,1,0,0,1,0,0
M-1966-28,WC-1966,quarter-finals,S-034,T-82,T-80,4,0,0,0,1,0,0
M-1966-29,WC-1966,semi-finals,S-029,T-82,T-69,2,1,0,0,1,0,0
M-1966-30,WC-1966,semi-finals,S-030,T-27,T-56,2,1,0,0,1,0,0
M-1966-31,WC-1966,third-place match,S-030,T-56,T-69,2,1,0,0,1,0,0
M-1966-32,WC-1966,final,S-030,T-27,T-82,4,2,0,0,1,0,0
M-1970-01,WC-1970,group stage,S-099,T-44,T-69,0,0,0,0,0,0,1
M-1970-02,WC-1970,group stage,S-104,T-80,T-38,2,0,0,0,1,0,0
M-1970-03,WC-1970,group stage,S-095,T-27,T-58,1,0,0,0,1,0,0
M-1970-04,WC-1970,group stage,S-098,T-54,T-10,3,2,0,0,1,0,0
M-1970-05,WC-1970,group stage,S-099,T-06,T-26,3,0,0,0,1,0,0
M-1970-06,WC-1970,group stage,S-106,T-39,T-71,1,0,0,0,1,0,0
M-1970-07,WC-1970,group stage,S-095,T-09,T-20,4,1,0,0,1,0,0
M-1970-08,WC-1970,group stage,S-098,T-82,T-45,2,1,0,0,1,0,0
M-1970-09,WC-1970,group stage,S-099,T-69,T-06,4,1,0,0,1,0,0
M-1970-10,WC-1970,group stage,S-104,T-80,T-39,0,0,0,0,0,0,1
M-1970-11,WC-1970,group stage,S-095,T-58,T-20,2,1,0,0,1,0,0
M-1970-12,WC-1970,group stage,S-098,T-54,T-45,3,0,0,0,1,0,0
M-1970-13,WC-1970,group stage,S-099,T-44,T-26,4,0,0,0,1,0,0
M-1970-14,WC-1970,group stage,S-106,T-71,T-38,1,1,0,0,0,0,1
M-1970-15,WC-1970,group stage,S-095,T-09,T-27,1,0,0,0,1,0,0
M-1970-16,WC-1970,group stage,S-098,T-82,T-10,5,2,0,0,1,0,0
M-1970-17,WC-1970,group stage,S-099,T-69,T-26,2,0,0,0,1,0,0
M-1970-18,WC-1970,group stage,S-104,T-71,T-80,1,0,0,0,1,0,0
M-1970-19,WC-1970,group stage,S-095,T-09,T-58,3,2,0,0,1,0,0
M-1970-20,WC-1970,group stage,S-098,T-82,T-54,3,1,0,0,1,0,0
M-1970-21,WC-1970,group stage,S-099,T-44,T-06,1,0,0,0,1,0,0
M-1970-22,WC-1970,group stage,S-106,T-39,T-38,0,0,0,0,0,0,1
M-1970-23,WC-1970,group stage,S-095,T-27,T-20,1,0,0,0,1,0,0
M-1970-24,WC-1970,group stage,S-098,T-10,T-45,1,1,0,0,0,0,1
M-1970-25,WC-1970,quarter-finals,S-095,T-09,T-54,4,2,0,0,1,0,0
M-1970-26,WC-1970,quarter-finals,S-106,T-39,T-44,4,1,0,0,1,0,0
M-1970-27,WC-1970,quarter-finals,S-099,T-69,T-80,0,1,0,0,0,1,0
M-1970-28,WC-1970,quarter-finals,S-098,T-82,T-27,3,2,0,0,1,0,0
M-1970-29,WC-1970,semi-finals,S-095,T-09,T-80,3,1,0,0,1,0,0
M-1970-30,WC-1970,semi-finals,S-099,T-39,T-82,4,3,0,0,1,0,0
M-1970-31,WC-1970,third-place match,S-099,T-82,T-80,1,0,0,0,1,0,0
M-1970-32,WC-1970,final,S-099,T-09,T-39,4,1,0,0,1,0,0
M-1974-01,WC-1974,group stage,S-057,T-09,T-83,0,0,0,0,0,0,1
M-1974-02,WC-1974,group stage,S-053,T-82,T-13,1,0,0,0,1,0,0
M-1974-03,WC-1974,group stage,S-060,T-23,T-04,2,0,0,0,1,0,0
M-1974-04,WC-1974,group stage,S-055,T-84,T-61,0,2,0,0,0,1,0
M-1974-05,WC-1974,group stage,S-056,T-71,T-10,0,0,0,0,0,0,1
M-1974-06,WC-1974,group stage,S-061,T-80,T-46,0,2,0,0,0,1,0
M-1974-07,WC-1974,group stage,S-065,T-39,T-32,3,1,0,0,1,0,0
M-1974-08,WC-1974,group stage,S-067,T-55,T-03,3,2,0,0,1,0,0
M-1974-09,WC-1974,group stage,S-060,T-04,T-82,0,3,0,0,0,1,0
M-1974-10,WC-1974,group stage,S-053,T-13,T-23,1,1,0,0,0,0,1
M-1974-11,WC-1974,group stage,S-057,T-61,T-09,0,0,0,0,0,0,1
M-1974-12,WC-1974,group stage,S-059,T-83,T-84,9,0,0,0,1,0,0
M-1974-13,WC-1974,group stage,S-061,T-10,T-80,1,1,0,0,0,0,1
M-1974-14,WC-1974,group stage,S-055,T-46,T-71,0,0,0,0,0,0,1
M-1974-15,WC-1974,group stage,S-067,T-03,T-39,1,1,0,0,0,0,1
M-1974-16,WC-1974,group stage,S-065,T-32,T-55,0,7,0,0,0,1,0
M-1974-17,WC-1974,group stage,S-053,T-04,T-13,0,0,0,0,0,0,1
M-1974-18,WC-1974,group stage,S-057,T-61,T-83,1,1,0,0,0,0,1
M-1974-19,WC-1974,group stage,S-059,T-84,T-09,0,3,0,0,0,1,0
M-1974-20,WC-1974,group stage,S-060,T-23,T-82,1,0,0,0,1,0,0
M-1974-21,WC-1974,group stage,S-055,T-10,T-46,1,4,0,0,0,1,0
M-1974-22,WC-1974,group stage,S-056,T-71,T-80,3,0,0,0,1,0,0
M-1974-23,WC-1974,group stage,S-065,T-03,T-32,4,1,0,0,1,0,0
M-1974-24,WC-1974,group stage,S-067,T-55,T-39,2,1,0,0,1,0,0
M-1974-25,WC-1974,second group stage,S-056,T-83,T-82,0,2,0,0,0,1,0
M-1974-26,WC-1974,second group stage,S-061,T-09,T-23,1,0,0,0,1,0,0
M-1974-27,WC-1974,second group stage,S-059,T-46,T-03,4,0,0,0,1,0,0
M-1974-28,WC-1974,second group stage,S-067,T-71,T-55,0,1,0,0,0,1,0
M-1974-29,WC-1974,second group stage,S-061,T-03,T-09,1,2,0,0,0,1,0
M-1974-30,WC-1974,second group stage,S-059,T-23,T-46,0,2,0,0,0,1,0
M-1974-31,WC-1974,second group stage,S-057,T-55,T-83,2,1,0,0,1,0,0
M-1974-32,WC-1974,second group stage,S-056,T-82,T-71,4,2,0,0,1,0,0
M-1974-33,WC-1974,second group stage,S-057,T-55,T-82,0,1,0,0,0,1,0
M-1974-34,WC-1974,second group stage,S-059,T-03,T-23,1,1,0,0,0,0,1
M-1974-35,WC-1974,second group stage,S-055,T-46,T-09,2,0,0,0,1,0,0
M-1974-36,WC-1974,second group stage,S-056,T-71,T-83,2,1,0,0,1,0,0
M-1974-37,WC-1974,third-place match,S-065,T-09,T-55,0,1,0,0,0,1,0
M-1974-38,WC-1974,final,S-065,T-46,T-82,1,2,0,0,0,1,0
M-1978-01,WC-1978,group stage,S-002,T-82,T-55,0,0,0,0,0,0,1
M-1978-02,WC-1978,group stage,S-004,T-39,T-28,2,1,0,0,1,0,0
M-1978-03,WC-1978,group stage,S-006,T-75,T-44,3,1,0,0,1,0,0
M-1978-04,WC-1978,group stage,S-002,T-03,T-34,2,1,0,0,1,0,0
M-1978-05,WC-1978,group stage,S-001,T-05,T-70,2,1,0,0,1,0,0
M-1978-06,WC-1978,group stage,S-004,T-09,T-71,1,1,0,0,0,0,1
M-1978-07,WC-1978,group stage,S-005,T-46,T-36,3,0,0,0,1,0,0
M-1978-08,WC-1978,group stage,S-003,T-54,T-61,3,1,0,0,1,0,0
M-1978-09,WC-1978,group stage,S-004,T-39,T-34,3,1,0,0,1,0,0
M-1978-10,WC-1978,group stage,S-006,T-55,T-75,1,0,0,0,1,0,0
M-1978-11,WC-1978,group stage,S-003,T-82,T-44,6,0,0,0,1,0,0
M-1978-12,WC-1978,group stage,S-002,T-03,T-28,2,1,0,0,1,0,0
M-1978-13,WC-1978,group stage,S-001,T-05,T-71,1,0,0,0,1,0,0
M-1978-14,WC-1978,group stage,S-004,T-09,T-70,0,0,0,0,0,0,1
M-1978-15,WC-1978,group stage,S-005,T-46,T-54,0,0,0,0,0,0,1
M-1978-16,WC-1978,group stage,S-003,T-61,T-36,1,1,0,0,0,0,1
M-1978-17,WC-1978,group stage,S-004,T-28,T-34,3,1,0,0,1,0,0
M-1978-18,WC-1978,group stage,S-006,T-55,T-44,3,1,0,0,1,0,0
M-1978-19,WC-1978,group stage,S-003,T-82,T-75,0,0,0,0,0,0,1
M-1978-20,WC-1978,group stage,S-002,T-03,T-39,0,1,0,0,0,1,0
M-1978-21,WC-1978,group stage,S-004,T-09,T-05,1,0,0,0,1,0,0
M-1978-22,WC-1978,group stage,S-001,T-70,T-71,1,0,0,0,1,0,0
M-1978-23,WC-1978,group stage,S-003,T-54,T-36,4,1,0,0,1,0,0
M-1978-24,WC-1978,group stage,S-005,T-61,T-46,3,2,0,0,1,0,0
M-1978-25,WC-1978,second group stage,S-003,T-05,T-46,1,5,0,0,0,1,0
M-1978-26,WC-1978,second group stage,S-002,T-39,T-82,0,0,0,0,0,0,1
M-1978-27,WC-1978,second group stage,S-005,T-09,T-54,3,0,0,0,1,0,0
M-1978-28,WC-1978,second group stage,S-006,T-03,T-55,2,0,0,0,1,0,0
M-1978-29,WC-1978,second group stage,S-005,T-54,T-55,0,1,0,0,0,1,0
M-1978-30,WC-1978,second group stage,S-002,T-39,T-05,1,0,0,0,1,0,0
M-1978-31,WC-1978,second group stage,S-003,T-46,T-82,2,2,0,0,0,0,1
M-1978-32,WC-1978,second group stage,S-006,T-03,T-09,0,0,0,0,0,0,1
M-1978-33,WC-1978,second group stage,S-003,T-05,T-82,3,2,0,0,1,0,0
M-1978-34,WC-1978,second group stage,S-002,T-39,T-46,1,2,0,0,0,1,0
M-1978-35,WC-1978,second group stage,S-005,T-09,T-55,3,1,0,0,1,0,0
M-1978-36,WC-1978,second group stage,S-006,T-03,T-54,6,0,0,0,1,0,0
M-1978-37,WC-1978,third-place match,S-002,T-09,T-39,2,1,0,0,1,0,0
M-1978-38,WC-1978,final,S-002,T-03,T-46,3,1,0,0,1,0,0
M-1982-01,WC-1982,group stage,S-141,T-03,T-06,0,1,0,0,0,1,0
M-1982-02,WC-1982,group stage,S-154,T-39,T-55,0,0,0,0,0,0,1
M-1982-03,WC-1982,group stage,S-151,T-09,T-69,2,1,0,0,1,0,0
M-1982-04,WC-1982,group stage,S-139,T-54,T-11,0,0,0,0,0,0,1
M-1982-05,WC-1982,group stage,S-144,T-34,T-26,10,1,0,0,1,0,0
M-1982-06,WC-1982,group stage,S-148,T-61,T-47,5,2,0,0,1,0,0
M-1982-07,WC-1982,group stage,S-145,T-82,T-01,1,2,0,0,0,1,0
M-1982-08,WC-1982,group stage,S-143,T-27,T-28,3,1,0,0,1,0,0
M-1982-09,WC-1982,group stage,S-152,T-70,T-33,1,1,0,0,0,0,1
M-1982-10,WC-1982,group stage,S-149,T-13,T-05,0,1,0,0,0,1,0
M-1982-11,WC-1982,group stage,S-153,T-20,T-43,1,1,0,0,0,0,1
M-1982-12,WC-1982,group stage,S-155,T-83,T-50,0,0,0,0,0,0,1
M-1982-13,WC-1982,group stage,S-154,T-39,T-54,1,1,0,0,0,0,1
M-1982-14,WC-1982,group stage,S-140,T-03,T-34,4,1,0,0,1,0,0
M-1982-15,WC-1982,group stage,S-150,T-09,T-61,4,1,0,0,1,0,0
M-1982-16,WC-1982,group stage,S-139,T-55,T-11,0,0,0,0,0,0,1
M-1982-17,WC-1982,group stage,S-144,T-06,T-26,1,0,0,0,1,0,0
M-1982-18,WC-1982,group stage,S-148,T-69,T-47,3,0,0,0,1,0,0
M-1982-19,WC-1982,group stage,S-145,T-82,T-13,4,1,0,0,1,0,0
M-1982-20,WC-1982,group stage,S-143,T-27,T-20,2,0,0,0,1,0,0
M-1982-21,WC-1982,group stage,S-152,T-70,T-83,2,1,0,0,1,0,0
M-1982-22,WC-1982,group stage,S-149,T-01,T-05,0,2,0,0,0,1,0
M-1982-23,WC-1982,group stage,S-153,T-28,T-43,4,1,0,0,1,0,0
M-1982-24,WC-1982,group stage,S-155,T-33,T-50,1,1,0,0,0,0,1
M-1982-25,WC-1982,group stage,S-139,T-55,T-54,5,1,0,0,1,0,0
M-1982-26,WC-1982,group stage,S-144,T-06,T-34,1,1,0,0,0,0,1
M-1982-27,WC-1982,group stage,S-148,T-69,T-61,2,2,0,0,0,0,1
M-1982-28,WC-1982,group stage,S-154,T-39,T-11,1,1,0,0,0,0,1
M-1982-29,WC-1982,group stage,S-140,T-03,T-26,2,0,0,0,1,0,0
M-1982-30,WC-1982,group stage,S-150,T-09,T-47,4,0,0,0,1,0,0
M-1982-31,WC-1982,group stage,S-149,T-01,T-13,3,2,0,0,1,0,0
M-1982-32,WC-1982,group stage,S-153,T-28,T-20,1,1,0,0,0,0,1
M-1982-33,WC-1982,group stage,S-155,T-33,T-83,0,1,0,0,0,1,0
M-1982-34,WC-1982,group stage,S-145,T-82,T-05,1,0,0,0,1,0,0
M-1982-35,WC-1982,group stage,S-143,T-27,T-43,1,0,0,0,1,0,0
M-1982-36,WC-1982,group stage,S-152,T-70,T-50,0,1,0,0,0,1,0
M-1982-37,WC-1982,second group stage,S-147,T-05,T-28,0,1,0,0,0,1,0
M-1982-38,WC-1982,second group stage,S-141,T-55,T-06,3,0,0,0,1,0,0
M-1982-39,WC-1982,second group stage,S-142,T-39,T-03,2,1,0,0,1,0,0
M-1982-40,WC-1982,second group stage,S-146,T-82,T-27,0,0,0,0,0,0,1
M-1982-41,WC-1982,second group stage,S-147,T-05,T-50,2,2,0,0,0,0,1
M-1982-42,WC-1982,second group stage,S-141,T-06,T-69,0,1,0,0,0,1,0
M-1982-43,WC-1982,second group stage,S-142,T-03,T-09,1,3,0,0,0,1,0
M-1982-44,WC-1982,second group stage,S-146,T-82,T-70,2,1,0,0,1,0,0
M-1982-45,WC-1982,second group stage,S-147,T-28,T-50,4,1,0,0,1,0,0
M-1982-46,WC-1982,second group stage,S-141,T-69,T-55,0,0,0,0,0,0,1
M-1982-47,WC-1982,second group stage,S-142,T-39,T-09,3,2,0,0,1,0,0
M-1982-48,WC-1982,second group stage,S-146,T-70,T-27,0,0,0,0,0,0,1
M-1982-49,WC-1982,semi-finals,S-141,T-55,T-39,0,2,0,0,0,1,0
M-1982-50,WC-1982,semi-finals,S-151,T-82,T-28,3,3,5,4,1,0,0
M-1982-51,WC-1982,third-place match,S-140,T-55,T-28,3,2,0,0,1,0,0
M-1982-52,WC-1982,final,S-146,T-39,T-82,3,1,0,0,1,0,0
M-1986-01,WC-1986,group stage,S-099,T-10,T-39,1,1,0,0,0,0,1
M-1986-02,WC-1986,group stage,S-095,T-70,T-09,0,1,0,0,0,1,0
M-1986-03,WC-1986,group stage,S-098,T-12,T-28,0,1,0,0,0,1,0
M-1986-04,WC-1986,group stage,S-100,T-03,T-68,3,1,0,0,1,0,0
M-1986-05,WC-1986,group stage,S-097,T-69,T-34,6,0,0,0,1,0,0
M-1986-06,WC-1986,group stage,S-102,T-45,T-55,0,0,0,0,0,0,1
M-1986-07,WC-1986,group stage,S-099,T-06,T-44,1,2,0,0,0,1,0
M-1986-08,WC-1986,group stage,S-096,T-01,T-50,1,1,0,0,0,0,1
M-1986-09,WC-1986,group stage,S-101,T-56,T-27,1,0,0,0,1,0,0
M-1986-10,WC-1986,group stage,S-106,T-53,T-37,1,0,0,0,1,0,0
M-1986-11,WC-1986,group stage,S-105,T-80,T-82,1,1,0,0,0,0,1
M-1986-12,WC-1986,group stage,S-103,T-61,T-21,0,1,0,0,0,1,0
M-1986-13,WC-1986,group stage,S-104,T-39,T-03,1,1,0,0,0,0,1
M-1986-14,WC-1986,group stage,S-098,T-28,T-69,1,1,0,0,0,0,1
M-1986-15,WC-1986,group stage,S-100,T-68,T-10,1,1,0,0,0,0,1
M-1986-16,WC-1986,group stage,S-097,T-34,T-12,2,0,0,0,1,0,0
M-1986-17,WC-1986,group stage,S-095,T-09,T-01,1,0,0,0,1,0,0
M-1986-18,WC-1986,group stage,S-101,T-27,T-45,0,0,0,0,0,0,1
M-1986-19,WC-1986,group stage,S-099,T-44,T-53,1,1,0,0,0,0,1
M-1986-20,WC-1986,group stage,S-096,T-50,T-70,1,2,0,0,0,1,0
M-1986-21,WC-1986,group stage,S-102,T-55,T-56,1,0,0,0,1,0,0
M-1986-22,WC-1986,group stage,S-106,T-37,T-06,1,2,0,0,0,1,0
M-1986-23,WC-1986,group stage,S-105,T-82,T-61,2,1,0,0,1,0,0
M-1986-24,WC-1986,group stage,S-103,T-21,T-80,6,1,0,0,1,0,0
M-1986-25,WC-1986,group stage,S-098,T-34,T-28,0,3,0,0,0,1,0
M-1986-26,WC-1986,group stage,S-097,T-69,T-12,2,0,0,0,1,0,0
M-1986-27,WC-1986,group stage,S-100,T-03,T-10,2,0,0,0,1,0,0
M-1986-28,WC-1986,group stage,S-104,T-68,T-39,2,3,0,0,0,1,0
M-1986-29,WC-1986,group stage,S-099,T-37,T-44,0,1,0,0,0,1,0
M-1986-30,WC-1986,group stage,S-106,T-53,T-06,2,2,0,0,0,0,1
M-1986-31,WC-1986,group stage,S-102,T-27,T-55,3,0,0,0,1,0,0
M-1986-32,WC-1986,group stage,S-096,T-56,T-45,1,3,0,0,0,1,0
M-1986-33,WC-1986,group stage,S-101,T-01,T-70,0,3,0,0,0,1,0
M-1986-34,WC-1986,group stage,S-095,T-50,T-09,0,3,0,0,0,1,0
M-1986-35,WC-1986,group stage,S-105,T-21,T-82,2,0,0,0,1,0,0
M-1986-36,WC-1986,group stage,S-103,T-61,T-80,0,0,0,0,0,0,1
M-1986-37,WC-1986,round of 16,S-099,T-44,T-10,2,0,0,0,1,0,0
M-1986-38,WC-1986,round of 16,S-098,T-69,T-06,3,4,0,0,0,1,0
M-1986-39,WC-1986,round of 16,S-095,T-09,T-55,4,0,0,0,1,0,0
M-1986-40,WC-1986,round of 16,S-104,T-03,T-80,1,0,0,0,1,0,0
M-1986-41,WC-1986,round of 16,S-100,T-39,T-28,0,2,0,0,0,1,0
M-1986-42,WC-1986,round of 16,S-102,T-45,T-82,0,1,0,0,0,1,0
M-1986-43,WC-1986,round of 16,S-099,T-27,T-53,3,0,0,0,1,0,0
M-1986-44,WC-1986,round of 16,S-105,T-21,T-70,1,5,0,0,0,1,0
M-1986-45,WC-1986,quarter-finals,S-095,T-09,T-28,1,1,3,4,0,1,0
M-1986-46,WC-1986,quarter-finals,S-102,T-82,T-44,0,0,4,1,1,0,0
M-1986-47,WC-1986,quarter-finals,S-099,T-03,T-27,2,1,0,0,1,0,0
M-1986-48,WC-1986,quarter-finals,S-104,T-70,T-06,1,1,4,5,0,1,0
M-1986-49,WC-1986,semi-finals,S-095,T-28,T-82,0,2,0,0,0,1,0
M-1986-50,WC-1986,semi-finals,S-099,T-03,T-06,2,0,0,0,1,0,0
M-1986-51,WC-1986,third-place match,S-104,T-06,T-28,2,4,0,0,0,1,0
M-1986-52,WC-1986,final,S-099,T-03,T-82,3,2,0,0,1,0,0
M-1990-01,WC-1990,group stage,S-074,T-03,T-11,0,1,0,0,0,1,0
M-1990-02,WC-1990,group stage,S-068,T-69,T-58,0,2,0,0,0,1,0
M-1990-03,WC-1990,group stage,S-069,T-78,T-15,0,2,0,0,0,1,0
M-1990-04,WC-1990,group stage,S-079,T-39,T-05,1,0,0,0,1,0,0
M-1990-05,WC-1990,group stage,S-071,T-79,T-20,1,5,0,0,0,1,0
M-1990-06,WC-1990,group stage,S-082,T-09,T-71,2,1,0,0,1,0,0
M-1990-07,WC-1990,group stage,S-074,T-82,T-83,4,1,0,0,1,0,0
M-1990-08,WC-1990,group stage,S-073,T-16,T-61,1,0,0,0,1,0,0
M-1990-09,WC-1990,group stage,S-070,T-27,T-57,1,1,0,0,0,0,1
M-1990-10,WC-1990,group stage,S-084,T-06,T-68,2,0,0,0,1,0,0
M-1990-11,WC-1990,group stage,S-077,T-46,T-25,1,1,0,0,0,0,1
M-1990-12,WC-1990,group stage,S-083,T-80,T-70,0,0,0,0,0,0,1
M-1990-13,WC-1990,group stage,S-076,T-03,T-69,2,0,0,0,1,0,0
M-1990-14,WC-1990,group stage,S-068,T-11,T-58,2,1,0,0,1,0,0
M-1990-15,WC-1990,group stage,S-069,T-83,T-15,1,0,0,0,1,0,0
M-1990-16,WC-1990,group stage,S-079,T-39,T-79,1,0,0,0,1,0,0
M-1990-17,WC-1990,group stage,S-071,T-05,T-20,0,1,0,0,0,1,0
M-1990-18,WC-1990,group stage,S-074,T-82,T-78,5,1,0,0,1,0,0
M-1990-19,WC-1990,group stage,S-082,T-09,T-16,1,0,0,0,1,0,0
M-1990-20,WC-1990,group stage,S-073,T-71,T-61,1,2,0,0,0,1,0
M-1990-21,WC-1990,group stage,S-070,T-27,T-46,0,0,0,0,0,0,1
M-1990-22,WC-1990,group stage,S-077,T-57,T-25,0,0,0,0,0,0,1
M-1990-23,WC-1990,group stage,S-084,T-06,T-80,3,1,0,0,1,0,0
M-1990-24,WC-1990,group stage,S-083,T-68,T-70,1,3,0,0,0,1,0
M-1990-25,WC-1990,group stage,S-076,T-03,T-58,1,1,0,0,0,0,1
M-1990-26,WC-1990,group stage,S-068,T-11,T-69,0,4,0,0,0,1,0
M-1990-27,WC-1990,group stage,S-074,T-82,T-15,1,1,0,0,0,0,1
M-1990-28,WC-1990,group stage,S-069,T-83,T-78,4,1,0,0,1,0,0
M-1990-29,WC-1990,group stage,S-071,T-05,T-79,2,1,0,0,1,0,0
M-1990-30,WC-1990,group stage,S-079,T-39,T-20,2,0,0,0,1,0,0
M-1990-31,WC-1990,group stage,S-082,T-09,T-61,1,0,0,0,1,0,0
M-1990-32,WC-1990,group stage,S-073,T-71,T-16,1,2,0,0,0,1,0
M-1990-33,WC-1990,group stage,S-084,T-06,T-70,1,2,0,0,0,1,0
M-1990-34,WC-1990,group stage,S-083,T-68,T-80,0,1,0,0,0,1,0
M-1990-35,WC-1990,group stage,S-070,T-27,T-25,1,0,0,0,1,0,0
M-1990-36,WC-1990,group stage,S-077,T-57,T-46,1,1,0,0,0,0,1
M-1990-37,WC-1990,round of 16,S-076,T-11,T-15,2,1,0,0,1,0,0
M-1990-38,WC-1990,round of 16,S-068,T-20,T-16,4,1,0,0,1,0,0
M-1990-39,WC-1990,round of 16,S-082,T-09,T-03,0,1,0,0,0,1,0
M-1990-40,WC-1990,round of 16,S-074,T-82,T-46,2,1,0,0,1,0,0
M-1990-41,WC-1990,round of 16,S-073,T-57,T-58,0,0,5,4,1,0,0
M-1990-42,WC-1990,round of 16,S-079,T-39,T-80,2,0,0,0,1,0,0
M-1990-43,WC-1990,round of 16,S-084,T-70,T-83,1,2,0,0,0,1,0
M-1990-44,WC-1990,round of 16,S-069,T-27,T-06,1,0,0,0,1,0,0
M-1990-45,WC-1990,quarter-finals,S-071,T-03,T-83,0,0,3,2,1,0,0
M-1990-46,WC-1990,quarter-finals,S-079,T-57,T-39,0,1,0,0,0,1,0
M-1990-47,WC-1990,quarter-finals,S-074,T-20,T-82,0,1,0,0,0,1,0
M-1990-48,WC-1990,quarter-finals,S-076,T-11,T-27,2,3,0,0,0,1,0
M-1990-49,WC-1990,semi-finals,S-076,T-03,T-39,1,1,4,3,1,0,0
M-1990-50,WC-1990,semi-finals,S-082,T-82,T-27,1,1,4,3,1,0,0
M-1990-51,WC-1990,third-place match,S-068,T-39,T-27,2,1,0,0,1,0,0
M-1990-52,WC-1990,final,S-079,T-82,T-03,1,0,0,0,1,0,0
M-1994-01,WC-1994,group stage,S-174,T-29,T-07,1,0,0,0,1,0,0
M-1994-02,WC-1994,group stage,S-175,T-70,T-68,2,2,0,0,0,0,1
M-1994-03,WC-1994,group stage,S-180,T-79,T-72,1,1,0,0,0,0,1
M-1994-04,WC-1994,group stage,S-176,T-39,T-57,0,1,0,0,0,1,0
M-1994-05,WC-1994,group stage,S-179,T-15,T-58,1,3,0,0,0,1,0
M-1994-06,WC-1994,group stage,S-178,T-06,T-45,1,0,0,0,1,0,0
M-1994-07,WC-1994,group stage,S-182,T-51,T-44,1,0,0,0,1,0,0
M-1994-08,WC-1994,group stage,S-179,T-11,T-71,2,2,0,0,0,0,1
M-1994-09,WC-1994,group stage,S-181,T-09,T-59,2,0,0,0,1,0,0
M-1994-10,WC-1994,group stage,S-182,T-46,T-60,2,1,0,0,1,0,0
M-1994-11,WC-1994,group stage,S-177,T-03,T-31,4,0,0,0,1,0,0
M-1994-12,WC-1994,group stage,S-174,T-29,T-70,1,1,0,0,0,0,1
M-1994-13,WC-1994,group stage,S-175,T-48,T-10,3,0,0,0,1,0,0
M-1994-14,WC-1994,group stage,S-180,T-58,T-72,1,4,0,0,0,1,0
M-1994-15,WC-1994,group stage,S-179,T-79,T-15,2,1,0,0,1,0,0
M-1994-16,WC-1994,group stage,S-176,T-39,T-51,1,0,0,0,1,0,0
M-1994-17,WC-1994,group stage,S-177,T-68,T-07,0,0,0,0,0,0,1
M-1994-18,WC-1994,group stage,S-178,T-44,T-57,2,1,0,0,1,0,0
M-1994-19,WC-1994,group stage,S-181,T-09,T-11,3,0,0,0,1,0,0
M-1994-20,WC-1994,group stage,S-180,T-71,T-59,3,1,0,0,1,0,0
M-1994-21,WC-1994,group stage,S-178,T-06,T-46,1,0,0,0,1,0,0
M-1994-22,WC-1994,group stage,S-176,T-60,T-45,2,1,0,0,1,0,0
M-1994-23,WC-1994,group stage,S-177,T-03,T-48,2,1,0,0,1,0,0
M-1994-24,WC-1994,group stage,S-174,T-10,T-31,4,0,0,0,1,0,0
M-1994-25,WC-1994,group stage,S-181,T-72,T-15,0,2,0,0,0,1,0
M-1994-26,WC-1994,group stage,S-179,T-79,T-58,0,1,0,0,0,1,0
M-1994-27,WC-1994,group stage,S-174,T-07,T-70,1,3,0,0,0,1,0
M-1994-28,WC-1994,group stage,S-175,T-29,T-68,3,2,0,0,1,0,0
M-1994-29,WC-1994,group stage,S-182,T-39,T-44,1,1,0,0,0,0,1
M-1994-30,WC-1994,group stage,S-176,T-57,T-51,0,0,0,0,0,0,1
M-1994-31,WC-1994,group stage,S-181,T-59,T-11,6,1,0,0,1,0,0
M-1994-32,WC-1994,group stage,S-180,T-09,T-71,1,1,0,0,0,0,1
M-1994-33,WC-1994,group stage,S-182,T-06,T-60,0,1,0,0,0,1,0
M-1994-34,WC-1994,group stage,S-178,T-45,T-46,1,2,0,0,0,1,0
M-1994-35,WC-1994,group stage,S-175,T-03,T-10,0,2,0,0,0,1,0
M-1994-36,WC-1994,group stage,S-177,T-31,T-48,0,2,0,0,0,1,0
M-1994-37,WC-1994,round of 16,S-174,T-29,T-06,3,2,0,0,1,0,0
M-1994-38,WC-1994,round of 16,S-182,T-70,T-72,3,0,0,0,1,0,0
M-1994-39,WC-1994,round of 16,S-175,T-60,T-71,1,3,0,0,0,1,0
M-1994-40,WC-1994,round of 16,S-179,T-58,T-03,3,2,0,0,1,0,0
M-1994-41,WC-1994,round of 16,S-178,T-46,T-57,2,0,0,0,1,0,0
M-1994-42,WC-1994,round of 16,S-181,T-09,T-79,1,0,0,0,1,0,0
M-1994-43,WC-1994,round of 16,S-177,T-48,T-39,1,2,0,0,0,1,0
M-1994-44,WC-1994,round of 16,S-176,T-44,T-10,1,1,1,3,0,1,0
M-1994-45,WC-1994,quarter-finals,S-177,T-39,T-70,2,1,0,0,1,0,0
M-1994-46,WC-1994,quarter-finals,S-175,T-46,T-09,2,3,0,0,0,1,0
M-1994-47,WC-1994,quarter-finals,S-176,T-10,T-29,2,1,0,0,1,0,0
M-1994-48,WC-1994,quarter-finals,S-181,T-58,T-71,2,2,4,5,0,1,0
M-1994-49,WC-1994,semi-finals,S-176,T-10,T-39,1,2,0,0,0,1,0
M-1994-50,WC-1994,semi-finals,S-179,T-71,T-09,0,1,0,0,0,1,0
M-1994-51,WC-1994,third-place match,S-179,T-71,T-10,4,0,0,0,1,0,0
M-1994-52,WC-1994,final,S-179,T-09,T-39,0,0,3,2,1,0,0
M-1998-01,WC-1998,group stage,S-048,T-09,T-61,2,1,0,0,1,0,0
M-1998-02,WC-1998,group stage,S-043,T-45,T-51,2,2,0,0,0,0,1
M-1998-03,WC-1998,group stage,S-037,T-39,T-13,2,2,0,0,0,0,1
M-1998-04,WC-1998,group stage,S-051,T-11,T-05,1,1,0,0,0,0,1
M-1998-05,WC-1998,group stage,S-043,T-53,T-10,0,0,0,0,0,0,1
M-1998-06,WC-1998,group stage,S-039,T-60,T-21,0,1,0,0,0,1,0
M-1998-07,WC-1998,group stage,S-042,T-28,T-67,3,0,0,0,1,0,0
M-1998-08,WC-1998,group stage,S-044,T-70,T-48,2,3,0,0,0,1,0
M-1998-09,WC-1998,group stage,S-041,T-68,T-44,1,3,0,0,0,1,0
M-1998-10,WC-1998,group stage,S-048,T-46,T-06,0,0,0,0,0,0,1
M-1998-11,WC-1998,group stage,S-051,T-03,T-42,1,0,0,0,1,0,0
M-1998-12,WC-1998,group stage,S-049,T-83,T-36,1,0,0,0,1,0,0
M-1998-13,WC-1998,group stage,S-039,T-41,T-17,1,3,0,0,0,1,0
M-1998-14,WC-1998,group stage,S-042,T-27,T-75,2,0,0,0,1,0,0
M-1998-15,WC-1998,group stage,S-041,T-58,T-15,1,0,0,0,1,0,0
M-1998-16,WC-1998,group stage,S-045,T-29,T-79,2,0,0,0,1,0,0
M-1998-17,WC-1998,group stage,S-037,T-61,T-51,1,1,0,0,0,0,1
M-1998-18,WC-1998,group stage,S-044,T-09,T-45,3,0,0,0,1,0,0
M-1998-19,WC-1998,group stage,S-049,T-13,T-05,1,1,0,0,0,0,1
M-1998-20,WC-1998,group stage,S-043,T-39,T-11,3,0,0,0,1,0,0
M-1998-21,WC-1998,group stage,S-051,T-67,T-21,1,1,0,0,0,0,1
M-1998-22,WC-1998,group stage,S-048,T-28,T-60,4,0,0,0,1,0,0
M-1998-23,WC-1998,group stage,S-045,T-48,T-10,1,0,0,0,1,0,0
M-1998-24,WC-1998,group stage,S-049,T-70,T-53,0,0,0,0,0,0,1
M-1998-25,WC-1998,group stage,S-044,T-42,T-17,0,1,0,0,0,1,0
M-1998-26,WC-1998,group stage,S-037,T-06,T-44,2,2,0,0,0,0,1
M-1998-27,WC-1998,group stage,S-042,T-46,T-68,5,0,0,0,1,0,0
M-1998-28,WC-1998,group stage,S-039,T-29,T-83,2,2,0,0,0,0,1
M-1998-29,WC-1998,group stage,S-045,T-03,T-41,5,0,0,0,1,0,0
M-1998-30,WC-1998,group stage,S-041,T-79,T-36,1,2,0,0,0,1,0
M-1998-31,WC-1998,group stage,S-043,T-15,T-75,1,0,0,0,1,0,0
M-1998-32,WC-1998,group stage,S-051,T-58,T-27,2,1,0,0,1,0,0
M-1998-33,WC-1998,group stage,S-044,T-13,T-11,1,1,0,0,0,0,1
M-1998-34,WC-1998,group stage,S-048,T-39,T-05,2,1,0,0,1,0,0
M-1998-35,WC-1998,group stage,S-042,T-09,T-51,1,2,0,0,0,1,0
M-1998-36,WC-1998,group stage,S-049,T-61,T-45,0,3,0,0,0,1,0
M-1998-37,WC-1998,group stage,S-041,T-28,T-21,2,1,0,0,1,0,0
M-1998-38,WC-1998,group stage,S-037,T-67,T-60,2,2,0,0,0,0,1
M-1998-39,WC-1998,group stage,S-051,T-48,T-53,1,3,0,0,0,1,0
M-1998-40,WC-1998,group stage,S-039,T-70,T-10,6,1,0,0,1,0,0
M-1998-41,WC-1998,group stage,S-045,T-06,T-68,1,1,0,0,0,0,1
M-1998-42,WC-1998,group stage,S-049,T-46,T-44,2,2,0,0,0,0,1
M-1998-43,WC-1998,group stage,S-043,T-29,T-36,2,0,0,0,1,0,0
M-1998-44,WC-1998,group stage,S-044,T-79,T-83,0,1,0,0,0,1,0
M-1998-45,WC-1998,group stage,S-037,T-03,T-17,1,0,0,0,1,0,0
M-1998-46,WC-1998,group stage,S-041,T-42,T-41,1,2,0,0,0,1,0
M-1998-47,WC-1998,group stage,S-039,T-15,T-27,0,2,0,0,0,1,0
M-1998-48,WC-1998,group stage,S-048,T-58,T-75,1,1,0,0,0,0,1
M-1998-49,WC-1998,round of 16,S-042,T-39,T-51,1,0,0,0,1,0,0
M-1998-50,WC-1998,round of 16,S-045,T-09,T-13,4,1,0,0,1,0,0
M-1998-51,WC-1998,round of 16,S-039,T-28,T-53,1,0,0,0,1,0,0
M-1998-52,WC-1998,round of 16,S-048,T-48,T-21,1,4,0,0,0,1,0
M-1998-53,WC-1998,round of 16,S-043,T-29,T-44,2,1,0,0,1,0,0
M-1998-54,WC-1998,round of 16,S-051,T-46,T-83,2,1,0,0,1,0,0
M-1998-55,WC-1998,round of 16,S-037,T-58,T-17,0,1,0,0,0,1,0
M-1998-56,WC-1998,round of 16,S-049,T-03,T-27,2,2,4,3,1,0,0
M-1998-57,WC-1998,quarter-finals,S-048,T-39,T-28,0,0,3,4,0,1,0
M-1998-58,WC-1998,quarter-finals,S-044,T-09,T-21,3,2,0,0,1,0,0
M-1998-59,WC-1998,quarter-finals,S-042,T-46,T-03,2,1,0,0,1,0,0
M-1998-60,WC-1998,quarter-finals,S-041,T-29,T-17,0,3,0,0,0,1,0
M-1998-61,WC-1998,semi-finals,S-042,T-09,T-46,1,1,4,2,1,0,0
M-1998-62,WC-1998,semi-finals,S-048,T-28,T-17,2,1,0,0,1,0,0
M-1998-63,WC-1998,third-place match,S-045,T-46,T-17,1,2,0,0,0,1,0
M-1998-64,WC-1998,final,S-048,T-09,T-28,0,3,0,0,0,1,0
M-2002-01,WC-2002,group stage,S-136,T-28,T-62,0,1,0,0,0,1,0
M-2002-02,WC-2002,group stage,S-088,T-57,T-11,1,1,0,0,0,0,1
M-2002-03,WC-2002,group stage,S-138,T-80,T-21,1,2,0,0,0,1,0
M-2002-04,WC-2002,group stage,S-092,T-29,T-60,8,0,0,0,1,0,0
M-2002-05,WC-2002,group stage,S-085,T-03,T-48,1,0,0,0,1,0,0
M-2002-06,WC-2002,group stage,S-129,T-53,T-67,2,2,0,0,0,0,1
M-2002-07,WC-2002,group stage,S-091,T-27,T-71,1,1,0,0,0,0,1
M-2002-08,WC-2002,group stage,S-132,T-70,T-66,3,1,0,0,1,0,0
M-2002-09,WC-2002,group stage,S-088,T-17,T-44,0,1,0,0,0,1,0
M-2002-10,WC-2002,group stage,S-138,T-09,T-76,2,1,0,0,1,0,0
M-2002-11,WC-2002,group stage,S-092,T-39,T-24,2,0,0,0,1,0,0
M-2002-12,WC-2002,group stage,S-132,T-14,T-16,0,2,0,0,0,1,0
M-2002-13,WC-2002,group stage,S-091,T-42,T-06,2,2,0,0,0,0,1
M-2002-14,WC-2002,group stage,S-129,T-68,T-55,2,0,0,0,1,0,0
M-2002-15,WC-2002,group stage,S-086,T-59,T-75,2,0,0,0,1,0,0
M-2002-16,WC-2002,group stage,S-137,T-79,T-56,3,2,0,0,1,0,0
M-2002-17,WC-2002,group stage,S-085,T-29,T-57,1,1,0,0,0,0,1
M-2002-18,WC-2002,group stage,S-130,T-21,T-62,1,1,0,0,0,0,1
M-2002-19,WC-2002,group stage,S-091,T-11,T-60,1,0,0,0,1,0,0
M-2002-20,WC-2002,group stage,S-129,T-28,T-80,0,0,0,0,0,0,1
M-2002-21,WC-2002,group stage,S-086,T-71,T-48,2,1,0,0,1,0,0
M-2002-22,WC-2002,group stage,S-134,T-70,T-53,3,1,0,0,1,0,0
M-2002-23,WC-2002,group stage,S-092,T-03,T-27,0,1,0,0,0,1,0
M-2002-24,WC-2002,group stage,S-130,T-67,T-66,1,0,0,0,1,0,0
M-2002-25,WC-2002,group stage,S-085,T-39,T-17,1,2,0,0,0,1,0
M-2002-26,WC-2002,group stage,S-135,T-09,T-14,4,0,0,0,1,0,0
M-2002-27,WC-2002,group stage,S-087,T-44,T-24,2,1,0,0,1,0,0
M-2002-28,WC-2002,group stage,S-133,T-16,T-76,1,1,0,0,0,0,1
M-2002-29,WC-2002,group stage,S-094,T-42,T-59,1,0,0,0,1,0,0
M-2002-30,WC-2002,group stage,S-130,T-68,T-79,1,1,0,0,0,0,1
M-2002-31,WC-2002,group stage,S-089,T-75,T-06,1,1,0,0,0,0,1
M-2002-32,WC-2002,group stage,S-134,T-56,T-55,4,0,0,0,1,0,0
M-2002-33,WC-2002,group stage,S-133,T-21,T-28,2,0,0,0,1,0,0
M-2002-34,WC-2002,group stage,S-137,T-62,T-80,3,3,0,0,0,0,1
M-2002-35,WC-2002,group stage,S-093,T-11,T-29,0,2,0,0,0,1,0
M-2002-36,WC-2002,group stage,S-094,T-60,T-57,0,3,0,0,0,1,0
M-2002-37,WC-2002,group stage,S-090,T-48,T-27,0,0,0,0,0,0,1
M-2002-38,WC-2002,group stage,S-087,T-71,T-03,1,1,0,0,0,0,1
M-2002-39,WC-2002,group stage,S-135,T-66,T-53,1,3,0,0,0,1,0
M-2002-40,WC-2002,group stage,S-131,T-67,T-70,2,3,0,0,0,1,0
M-2002-41,WC-2002,group stage,S-137,T-16,T-09,2,5,0,0,0,1,0
M-2002-42,WC-2002,group stage,S-136,T-76,T-14,3,0,0,0,1,0,0
M-2002-43,WC-2002,group stage,S-094,T-24,T-17,1,0,0,0,1,0,0
M-2002-44,WC-2002,group stage,S-089,T-44,T-39,1,1,0,0,0,0,1
M-2002-45,WC-2002,group stage,S-093,T-06,T-59,3,2,0,0,1,0,0
M-2002-46,WC-2002,group stage,S-090,T-75,T-42,0,2,0,0,0,1,0
M-2002-47,WC-2002,group stage,S-131,T-55,T-79,3,1,0,0,1,0,0
M-2002-48,WC-2002,group stage,S-133,T-56,T-68,0,1,0,0,0,1,0
M-2002-49,WC-2002,round of 16,S-135,T-29,T-53,1,0,0,0,1,0,0
M-2002-50,WC-2002,round of 16,S-088,T-21,T-27,0,3,0,0,0,1,0
M-2002-51,WC-2002,round of 16,S-089,T-71,T-62,1,2,0,0,0,1,0
M-2002-52,WC-2002,round of 16,S-137,T-70,T-57,1,1,3,2,1,0,0
M-2002-53,WC-2002,round of 16,S-134,T-44,T-79,0,2,0,0,0,1,0
M-2002-54,WC-2002,round of 16,S-086,T-09,T-06,2,0,0,0,1,0,0
M-2002-55,WC-2002,round of 16,S-087,T-42,T-76,0,1,0,0,0,1,0
M-2002-56,WC-2002,round of 16,S-131,T-68,T-39,2,1,0,0,1,0,0
M-2002-57,WC-2002,quarter-finals,S-093,T-27,T-09,1,2,0,0,0,1,0
M-2002-58,WC-2002,quarter-finals,S-138,T-29,T-79,1,0,0,0,1,0,0
M-2002-59,WC-2002,quarter-finals,S-132,T-70,T-68,0,0,3,5,0,1,0
M-2002-60,WC-2002,quarter-finals,S-090,T-62,T-76,0,1,0,0,0,1,0
M-2002-61,WC-2002,semi-finals,S-136,T-29,T-68,1,0,0,0,1,0,0
M-2002-62,WC-2002,semi-finals,S-091,T-09,T-76,1,0,0,0,1,0,0
M-2002-63,WC-2002,third-place match,S-130,T-68,T-76,2,3,0,0,0,1,0
M-2002-64,WC-2002,final,S-094,T-29,T-09,0,2,0,0,0,1,0
M-2006-01,WC-2006,group stage,S-064,T-29,T-16,4,2,0,0,1,0,0
M-2006-02,WC-2006,group stage,S-058,T-55,T-24,0,2,0,0,0,1,0
M-2006-03,WC-2006,group stage,S-057,T-27,T-53,1,0,0,0,1,0,0
M-2006-04,WC-2006,group stage,S-055,T-74,T-71,0,0,0,0,0,0,1
M-2006-05,WC-2006,group stage,S-060,T-03,T-40,2,1,0,0,1,0,0
M-2006-06,WC-2006,group stage,S-063,T-64,T-46,0,1,0,0,0,1,0
M-2006-07,WC-2006,group stage,S-066,T-44,T-36,3,1,0,0,1,0,0
M-2006-08,WC-2006,group stage,S-054,T-02,T-56,0,1,0,0,0,1,0
M-2006-09,WC-2006,group stage,S-062,T-04,T-42,3,1,0,0,1,0,0
M-2006-10,WC-2006,group stage,S-058,T-79,T-19,0,3,0,0,0,1,0
M-2006-11,WC-2006,group stage,S-061,T-39,T-30,2,0,0,0,1,0,0
M-2006-12,WC-2006,group stage,S-057,T-68,T-73,2,1,0,0,1,0,0
M-2006-13,WC-2006,group stage,S-067,T-28,T-72,0,0,0,0,0,0,1
M-2006-14,WC-2006,group stage,S-053,T-09,T-17,1,0,0,0,1,0,0
M-2006-15,WC-2006,group stage,S-063,T-70,T-77,4,0,0,0,1,0,0
M-2006-16,WC-2006,group stage,S-064,T-75,T-60,2,2,0,0,0,0,1
M-2006-17,WC-2006,group stage,S-055,T-29,T-55,1,0,0,0,1,0,0
M-2006-18,WC-2006,group stage,S-060,T-24,T-16,3,0,0,0,1,0,0
M-2006-19,WC-2006,group stage,S-066,T-27,T-74,2,0,0,0,1,0,0
M-2006-20,WC-2006,group stage,S-053,T-71,T-53,1,0,0,0,1,0,0
M-2006-21,WC-2006,group stage,S-058,T-03,T-64,6,0,0,0,1,0,0
M-2006-22,WC-2006,group stage,S-067,T-46,T-40,2,1,0,0,1,0,0
M-2006-23,WC-2006,group stage,S-061,T-44,T-02,0,0,0,0,0,0,1
M-2006-24,WC-2006,group stage,S-057,T-56,T-36,2,0,0,0,1,0,0
M-2006-25,WC-2006,group stage,S-054,T-19,T-30,0,2,0,0,0,1,0
M-2006-26,WC-2006,group stage,S-062,T-39,T-79,1,1,0,0,0,0,1
M-2006-27,WC-2006,group stage,S-066,T-42,T-17,0,0,0,0,0,0,1
M-2006-28,WC-2006,group stage,S-064,T-09,T-04,2,0,0,0,1,0,0
M-2006-29,WC-2006,group stage,S-063,T-28,T-68,1,1,0,0,0,0,1
M-2006-30,WC-2006,group stage,S-055,T-73,T-72,0,2,0,0,0,1,0
M-2006-31,WC-2006,group stage,S-060,T-60,T-77,0,4,0,0,0,1,0
M-2006-32,WC-2006,group stage,S-067,T-70,T-75,3,1,0,0,1,0,0
M-2006-33,WC-2006,group stage,S-061,T-16,T-55,1,2,0,0,0,1,0
M-2006-34,WC-2006,group stage,S-053,T-24,T-29,0,3,0,0,0,1,0
M-2006-35,WC-2006,group stage,S-062,T-53,T-74,2,0,0,0,1,0,0
M-2006-36,WC-2006,group stage,S-054,T-71,T-27,2,2,0,0,0,0,1
M-2006-37,WC-2006,group stage,S-063,T-36,T-02,1,1,0,0,0,0,1
M-2006-38,WC-2006,group stage,S-058,T-56,T-44,2,1,0,0,1,0,0
M-2006-39,WC-2006,group stage,S-064,T-40,T-64,3,2,0,0,1,0,0
M-2006-40,WC-2006,group stage,S-057,T-46,T-03,0,0,0,0,0,0,1
M-2006-41,WC-2006,group stage,S-060,T-19,T-39,0,2,0,0,0,1,0
M-2006-42,WC-2006,group stage,S-066,T-30,T-79,2,1,0,0,1,0,0
M-2006-43,WC-2006,group stage,S-067,T-17,T-04,2,2,0,0,0,0,1
M-2006-44,WC-2006,group stage,S-055,T-42,T-09,1,4,0,0,0,1,0
M-2006-45,WC-2006,group stage,S-062,T-60,T-70,0,1,0,0,0,1,0
M-2006-46,WC-2006,group stage,S-053,T-77,T-75,1,0,0,0,1,0,0
M-2006-47,WC-2006,group stage,S-061,T-72,T-68,2,0,0,0,1,0,0
M-2006-48,WC-2006,group stage,S-054,T-73,T-28,0,2,0,0,0,1,0
M-2006-49,WC-2006,round of 16,S-064,T-29,T-71,2,0,0,0,1,0,0
M-2006-50,WC-2006,round of 16,S-063,T-03,T-44,2,1,0,0,1,0,0
M-2006-51,WC-2006,round of 16,S-067,T-27,T-24,1,0,0,0,1,0,0
M-2006-52,WC-2006,round of 16,S-066,T-56,T-46,1,0,0,0,1,0,0
M-2006-53,WC-2006,round of 16,S-062,T-39,T-04,1,0,0,0,1,0,0
M-2006-54,WC-2006,round of 16,S-054,T-72,T-77,0,0,0,3,0,1,0
M-2006-55,WC-2006,round of 16,S-055,T-09,T-30,3,0,0,0,1,0,0
M-2006-56,WC-2006,round of 16,S-061,T-70,T-28,1,3,0,0,0,1,0
M-2006-57,WC-2006,quarter-finals,S-053,T-29,T-03,1,1,4,2,1,0,0
M-2006-58,WC-2006,quarter-finals,S-060,T-39,T-77,3,0,0,0,1,0,0
M-2006-59,WC-2006,quarter-finals,S-058,T-27,T-56,0,0,1,3,0,1,0
M-2006-60,WC-2006,quarter-finals,S-057,T-09,T-28,0,1,0,0,0,1,0
M-2006-61,WC-2006,semi-finals,S-055,T-29,T-39,0,2,0,0,0,1,0
M-2006-62,WC-2006,semi-finals,S-064,T-56,T-28,0,1,0,0,0,1,0
M-2006-63,WC-2006,third-place match,S-067,T-29,T-56,3,1,0,0,1,0,0
M-2006-64,WC-2006,final,S-053,T-39,T-28,1,1,5,3,1,0,0
M-2010-01,WC-2010,group stage,S-123,T-67,T-44,1,1,0,0,0,0,1
M-2010-02,WC-2010,group stage,S-120,T-80,T-28,0,0,0,0,0,0,1
M-2010-03,WC-2010,group stage,S-126,T-68,T-31,2,0,0,0,1,0,0
M-2010-04,WC-2010,group stage,S-122,T-03,T-48,1,0,0,0,1,0,0
M-2010-05,WC-2010,group stage,S-128,T-27,T-79,1,1,0,0,0,0,1
M-2010-06,WC-2010,group stage,S-125,T-01,T-66,0,1,0,0,0,1,0
M-2010-07,WC-2010,group stage,S-127,T-63,T-30,0,1,0,0,0,1,0
M-2010-08,WC-2010,group stage,S-121,T-29,T-04,4,0,0,0,1,0,0
M-2010-09,WC-2010,group stage,S-123,T-46,T-21,2,0,0,0,1,0,0
M-2010-10,WC-2010,group stage,S-119,T-42,T-11,1,0,0,0,1,0,0
M-2010-11,WC-2010,group stage,S-120,T-39,T-53,1,1,0,0,0,0,1
M-2010-12,WC-2010,group stage,S-128,T-47,T-65,1,1,0,0,0,0,1
M-2010-13,WC-2010,group stage,S-126,T-40,T-56,0,0,0,0,0,0,1
M-2010-14,WC-2010,group stage,S-122,T-09,T-49,2,1,0,0,1,0,0
M-2010-15,WC-2010,group stage,S-124,T-33,T-13,0,1,0,0,0,1,0
M-2010-16,WC-2010,group stage,S-121,T-70,T-72,0,1,0,0,0,1,0
M-2010-17,WC-2010,group stage,S-127,T-67,T-80,0,3,0,0,0,1,0
M-2010-18,WC-2010,group stage,S-123,T-03,T-68,4,1,0,0,1,0,0
M-2010-19,WC-2010,group stage,S-119,T-31,T-48,2,1,0,0,1,0,0
M-2010-20,WC-2010,group stage,S-125,T-28,T-44,0,2,0,0,0,1,0
M-2010-21,WC-2010,group stage,S-126,T-29,T-63,0,1,0,0,0,1,0
M-2010-22,WC-2010,group stage,S-122,T-66,T-79,2,2,0,0,0,0,1
M-2010-23,WC-2010,group stage,S-120,T-27,T-01,0,0,0,0,0,0,1
M-2010-24,WC-2010,group stage,S-121,T-46,T-42,1,0,0,0,1,0,0
M-2010-25,WC-2010,group stage,S-128,T-30,T-04,1,1,0,0,0,0,1
M-2010-26,WC-2010,group stage,S-127,T-11,T-21,1,2,0,0,0,1,0
M-2010-27,WC-2010,group stage,S-119,T-65,T-53,0,2,0,0,0,1,0
M-2010-28,WC-2010,group stage,S-124,T-39,T-47,1,1,0,0,0,0,1
M-2010-29,WC-2010,group stage,S-123,T-09,T-40,3,1,0,0,1,0,0
M-2010-30,WC-2010,group stage,S-120,T-56,T-49,7,0,0,0,1,0,0
M-2010-31,WC-2010,group stage,S-126,T-13,T-72,1,0,0,0,1,0,0
M-2010-32,WC-2010,group stage,S-122,T-70,T-33,2,0,0,0,1,0,0
M-2010-33,WC-2010,group stage,S-119,T-28,T-67,1,2,0,0,0,1,0
M-2010-34,WC-2010,group stage,S-128,T-44,T-80,0,1,0,0,0,1,0
M-2010-35,WC-2010,group stage,S-125,T-31,T-03,0,2,0,0,0,1,0
M-2010-36,WC-2010,group stage,S-121,T-48,T-68,2,2,0,0,0,0,1
M-2010-37,WC-2010,group stage,S-126,T-66,T-27,0,1,0,0,0,1,0
M-2010-38,WC-2010,group stage,S-127,T-79,T-01,1,0,0,0,1,0,0
M-2010-39,WC-2010,group stage,S-124,T-04,T-63,2,1,0,0,1,0,0
M-2010-40,WC-2010,group stage,S-123,T-30,T-29,0,1,0,0,0,1,0
M-2010-41,WC-2010,group stage,S-125,T-53,T-47,0,0,0,0,0,0,1
M-2010-42,WC-2010,group stage,S-122,T-65,T-39,3,2,0,0,1,0,0
M-2010-43,WC-2010,group stage,S-120,T-11,T-46,1,2,0,0,0,1,0
M-2010-44,WC-2010,group stage,S-128,T-21,T-42,1,3,0,0,0,1,0
M-2010-45,WC-2010,group stage,S-124,T-49,T-40,0,3,0,0,0,1,0
M-2010-46,WC-2010,group stage,S-121,T-56,T-09,0,0,0,0,0,0,1
M-2010-47,WC-2010,group stage,S-127,T-13,T-70,1,2,0,0,0,1,0
M-2010-48,WC-2010,group stage,S-119,T-72,T-33,0,0,0,0,0,0,1
M-2010-49,WC-2010,round of 16,S-126,T-80,T-68,2,1,0,0,1,0,0
M-2010-50,WC-2010,round of 16,S-128,T-79,T-30,1,2,0,0,0,1,0
M-2010-51,WC-2010,round of 16,S-119,T-29,T-27,4,1,0,0,1,0,0
M-2010-52,WC-2010,round of 16,S-123,T-03,T-44,3,1,0,0,1,0,0
M-2010-53,WC-2010,round of 16,S-121,T-46,T-65,2,1,0,0,1,0,0
M-2010-54,WC-2010,round of 16,S-122,T-09,T-13,3,0,0,0,1,0,0
M-2010-55,WC-2010,round of 16,S-127,T-53,T-42,0,0,5,3,1,0,0
M-2010-56,WC-2010,round of 16,S-120,T-70,T-56,1,0,0,0,1,0,0
M-2010-57,WC-2010,quarter-finals,S-126,T-46,T-09,2,1,0,0,1,0,0
M-2010-58,WC-2010,quarter-finals,S-123,T-80,T-30,1,1,4,2,1,0,0
M-2010-59,WC-2010,quarter-finals,S-120,T-03,T-29,0,4,0,0,0,1,0
M-2010-60,WC-2010,quarter-finals,S-122,T-53,T-70,0,1,0,0,0,1,0
M-2010-61,WC-2010,semi-finals,S-120,T-80,T-46,2,3,0,0,0,1,0
M-2010-62,WC-2010,semi-finals,S-121,T-29,T-70,0,1,0,0,0,1,0
M-2010-63,WC-2010,third-place match,S-126,T-80,T-29,2,3,0,0,0,1,0
M-2010-64,WC-2010,final,S-123,T-46,T-70,0,1,0,0,0,1,0
M-2014-01,WC-2014,group stage,S-022,T-09,T-17,3,1,0,0,1,0,0
M-2014-02,WC-2014,group stage,S-015,T-44,T-11,1,0,0,0,1,0,0
M-2014-03,WC-2014,group stage,S-021,T-70,T-46,1,5,0,0,0,1,0
M-2014-04,WC-2014,group stage,S-010,T-13,T-04,3,1,0,0,1,0,0
M-2014-05,WC-2014,group stage,S-008,T-15,T-31,3,0,0,0,1,0,0
M-2014-06,WC-2014,group stage,S-013,T-80,T-16,1,3,0,0,0,1,0
M-2014-07,WC-2014,group stage,S-014,T-27,T-39,1,2,0,0,0,1,0
M-2014-08,WC-2014,group stage,S-018,T-40,T-42,2,1,0,0,1,0,0
M-2014-09,WC-2014,group stage,S-009,T-72,T-24,2,1,0,0,1,0,0
M-2014-10,WC-2014,group stage,S-016,T-28,T-33,3,0,0,0,1,0,0
M-2014-11,WC-2014,group stage,S-020,T-03,T-08,2,1,0,0,1,0,0
M-2014-12,WC-2014,group stage,S-021,T-29,T-56,4,0,0,0,1,0,0
M-2014-13,WC-2014,group stage,S-011,T-36,T-48,0,0,0,0,0,0,1
M-2014-14,WC-2014,group stage,S-015,T-30,T-79,1,2,0,0,0,1,0
M-2014-15,WC-2014,group stage,S-008,T-06,T-01,2,1,0,0,1,0,0
M-2014-16,WC-2014,group stage,S-013,T-09,T-44,0,0,0,0,0,0,1
M-2014-17,WC-2014,group stage,S-010,T-59,T-68,1,1,0,0,0,0,1
M-2014-18,WC-2014,group stage,S-016,T-04,T-46,2,3,0,0,0,1,0
M-2014-19,WC-2014,group stage,S-020,T-70,T-13,0,2,0,0,0,1,0
M-2014-20,WC-2014,group stage,S-014,T-11,T-17,0,4,0,0,0,1,0
M-2014-21,WC-2014,group stage,S-009,T-15,T-40,2,1,0,0,1,0,0
M-2014-22,WC-2014,group stage,S-022,T-80,T-27,2,1,0,0,1,0,0
M-2014-23,WC-2014,group stage,S-015,T-42,T-31,0,0,0,0,0,0,1
M-2014-24,WC-2014,group stage,S-018,T-39,T-16,0,1,0,0,0,1,0
M-2014-25,WC-2014,group stage,S-021,T-72,T-28,2,5,0,0,0,1,0
M-2014-26,WC-2014,group stage,S-011,T-33,T-24,1,2,0,0,0,1,0
M-2014-27,WC-2014,group stage,S-008,T-03,T-36,1,0,0,0,1,0,0
M-2014-28,WC-2014,group stage,S-013,T-29,T-30,2,2,0,0,0,0,1
M-2014-29,WC-2014,group stage,S-010,T-48,T-08,1,0,0,0,1,0,0
M-2014-30,WC-2014,group stage,S-020,T-06,T-59,1,0,0,0,1,0,0
M-2014-31,WC-2014,group stage,S-016,T-68,T-01,2,4,0,0,0,1,0
M-2014-32,WC-2014,group stage,S-014,T-79,T-56,2,2,0,0,0,0,1
M-2014-33,WC-2014,group stage,S-011,T-04,T-70,0,3,0,0,0,1,0
M-2014-34,WC-2014,group stage,S-022,T-46,T-13,2,0,0,0,1,0,0
M-2014-35,WC-2014,group stage,S-009,T-11,T-09,1,4,0,0,0,1,0
M-2014-36,WC-2014,group stage,S-018,T-17,T-44,1,3,0,0,0,1,0
M-2014-37,WC-2014,group stage,S-008,T-16,T-27,0,0,0,0,0,0,1
M-2014-38,WC-2014,group stage,S-015,T-39,T-80,0,1,0,0,0,1,0
M-2014-39,WC-2014,group stage,S-010,T-42,T-15,1,4,0,0,0,1,0
M-2014-40,WC-2014,group stage,S-013,T-31,T-40,2,1,0,0,1,0,0
M-2014-41,WC-2014,group stage,S-021,T-08,T-36,3,1,0,0,1,0,0
M-2014-42,WC-2014,group stage,S-016,T-48,T-03,2,3,0,0,0,1,0
M-2014-43,WC-2014,group stage,S-014,T-33,T-72,0,3,0,0,0,1,0
M-2014-44,WC-2014,group stage,S-020,T-24,T-28,0,0,0,0,0,0,1
M-2014-45,WC-2014,group stage,S-009,T-56,T-30,2,1,0,0,1,0,0
M-2014-46,WC-2014,group stage,S-018,T-79,T-29,0,1,0,0,0,1,0
M-2014-47,WC-2014,group stage,S-011,T-01,T-59,1,1,0,0,0,0,1
M-2014-48,WC-2014,group stage,S-022,T-68,T-06,0,1,0,0,0,1,0
M-2014-49,WC-2014,round of 16,S-008,T-09,T-13,1,1,3,2,1,0,0
M-2014-50,WC-2014,round of 16,S-020,T-15,T-80,2,0,0,0,1,0,0
M-2014-51,WC-2014,round of 16,S-013,T-46,T-44,2,1,0,0,1,0,0
M-2014-52,WC-2014,round of 16,S-018,T-16,T-31,1,1,5,3,1,0,0
M-2014-53,WC-2014,round of 16,S-009,T-28,T-48,2,0,0,0,1,0,0
M-2014-54,WC-2014,round of 16,S-016,T-29,T-01,2,1,0,0,1,0,0
M-2014-55,WC-2014,round of 16,S-022,T-03,T-72,1,0,0,0,1,0,0
M-2014-56,WC-2014,round of 16,S-021,T-06,T-79,2,1,0,0,1,0,0
M-2014-57,WC-2014,quarter-finals,S-020,T-28,T-29,0,1,0,0,0,1,0
M-2014-58,WC-2014,quarter-finals,S-013,T-09,T-15,2,1,0,0,1,0,0
M-2014-59,WC-2014,quarter-finals,S-009,T-03,T-06,1,0,0,0,1,0,0
M-2014-60,WC-2014,quarter-finals,S-021,T-46,T-16,0,0,4,3,1,0,0
M-2014-61,WC-2014,semi-finals,S-008,T-09,T-29,1,7,0,0,0,1,0
M-2014-62,WC-2014,semi-finals,S-022,T-46,T-03,0,0,2,4,0,1,0
M-2014-63,WC-2014,third-place match,S-009,T-09,T-46,0,3,0,0,0,1,0
M-2014-64,WC-2014,final,S-020,T-29,T-03,1,0,0,0,1,0,0
M-2018-01,WC-2018,group stage,S-109,T-59,T-60,5,0,0,0,1,0,0
M-2018-02,WC-2018,group stage,S-118,T-25,T-80,0,1,0,0,0,1,0
M-2018-03,WC-2018,group stage,S-113,T-45,T-36,0,1,0,0,0,1,0
M-2018-04,WC-2018,group stage,S-116,T-56,T-70,3,3,0,0,0,0,1
M-2018-05,WC-2018,group stage,S-108,T-28,T-04,2,1,0,0,1,0,0
M-2018-06,WC-2018,group stage,S-110,T-03,T-35,1,1,0,0,0,0,1
M-2018-07,WC-2018,group stage,S-115,T-54,T-21,0,1,0,0,0,1,0
M-2018-08,WC-2018,group stage,S-107,T-17,T-48,2,0,0,0,1,0,0
M-2018-09,WC-2018,group stage,S-114,T-16,T-63,0,1,0,0,0,1,0
M-2018-10,WC-2018,group stage,S-109,T-29,T-44,0,1,0,0,0,1,0
M-2018-11,WC-2018,group stage,S-112,T-09,T-72,1,1,0,0,0,0,1
M-2018-12,WC-2018,group stage,S-111,T-71,T-68,1,0,0,0,1,0,0
M-2018-13,WC-2018,group stage,S-116,T-06,T-52,3,0,0,0,1,0,0
M-2018-14,WC-2018,group stage,S-117,T-75,T-27,1,2,0,0,0,1,0
M-2018-15,WC-2018,group stage,S-115,T-15,T-42,1,2,0,0,0,1,0
M-2018-16,WC-2018,group stage,S-110,T-55,T-62,1,2,0,0,0,1,0
M-2018-17,WC-2018,group stage,S-113,T-59,T-25,3,1,0,0,1,0,0
M-2018-18,WC-2018,group stage,S-109,T-56,T-45,1,0,0,0,1,0,0
M-2018-19,WC-2018,group stage,S-112,T-80,T-60,1,0,0,0,1,0,0
M-2018-20,WC-2018,group stage,S-108,T-36,T-70,0,1,0,0,0,1,0
M-2018-21,WC-2018,group stage,S-114,T-21,T-04,1,1,0,0,0,0,1
M-2018-22,WC-2018,group stage,S-118,T-28,T-54,1,0,0,0,1,0,0
M-2018-23,WC-2018,group stage,S-111,T-03,T-17,0,3,0,0,0,1,0
M-2018-24,WC-2018,group stage,S-113,T-09,T-16,2,0,0,0,1,0,0
M-2018-25,WC-2018,group stage,S-117,T-48,T-35,2,0,0,0,1,0,0
M-2018-26,WC-2018,group stage,S-107,T-63,T-72,1,2,0,0,0,1,0
M-2018-27,WC-2018,group stage,S-110,T-06,T-75,5,2,0,0,1,0,0
M-2018-28,WC-2018,group stage,S-112,T-68,T-44,1,2,0,0,0,1,0
M-2018-29,WC-2018,group stage,S-116,T-29,T-71,2,1,0,0,1,0,0
M-2018-30,WC-2018,group stage,S-111,T-27,T-52,6,1,0,0,1,0,0
M-2018-31,WC-2018,group stage,S-118,T-42,T-62,2,2,0,0,0,0,1
M-2018-32,WC-2018,group stage,S-108,T-55,T-15,0,3,0,0,0,1,0
M-2018-33,WC-2018,group stage,S-117,T-60,T-25,2,1,0,0,1,0,0
M-2018-34,WC-2018,group stage,S-114,T-80,T-59,3,0,0,0,1,0,0
M-2018-35,WC-2018,group stage,S-107,T-70,T-45,2,2,0,0,0,0,1
M-2018-36,WC-2018,group stage,S-115,T-36,T-56,1,1,0,0,0,0,1
M-2018-37,WC-2018,group stage,S-116,T-04,T-54,0,2,0,0,0,1,0
M-2018-38,WC-2018,group stage,S-109,T-21,T-28,0,0,0,0,0,0,1
M-2018-39,WC-2018,group stage,S-112,T-35,T-17,1,2,0,0,0,1,0
M-2018-40,WC-2018,group stage,S-113,T-48,T-03,1,2,0,0,0,1,0
M-2018-41,WC-2018,group stage,S-108,T-68,T-29,2,0,0,0,1,0,0
M-2018-42,WC-2018,group stage,S-118,T-44,T-71,0,3,0,0,0,1,0
M-2018-43,WC-2018,group stage,S-110,T-63,T-09,0,2,0,0,0,1,0
M-2018-44,WC-2018,group stage,S-111,T-72,T-16,2,2,0,0,0,0,1
M-2018-45,WC-2018,group stage,S-117,T-42,T-55,0,1,0,0,0,1,0
M-2018-46,WC-2018,group stage,S-114,T-62,T-15,0,1,0,0,0,1,0
M-2018-47,WC-2018,group stage,S-107,T-27,T-06,0,1,0,0,0,1,0
M-2018-48,WC-2018,group stage,S-115,T-52,T-75,1,2,0,0,0,1,0
M-2018-49,WC-2018,round of 16,S-108,T-28,T-03,4,3,0,0,1,0,0
M-2018-50,WC-2018,round of 16,S-116,T-80,T-56,2,1,0,0,1,0,0
M-2018-51,WC-2018,round of 16,S-109,T-70,T-59,1,1,3,4,0,1,0
M-2018-52,WC-2018,round of 16,S-111,T-17,T-21,1,1,3,2,1,0,0
M-2018-53,WC-2018,round of 16,S-114,T-09,T-44,2,0,0,0,1,0,0
M-2018-54,WC-2018,round of 16,S-112,T-06,T-42,3,2,0,0,1,0,0
M-2018-55,WC-2018,round of 16,S-113,T-71,T-72,1,0,0,0,1,0,0
M-2018-56,WC-2018,round of 16,S-110,T-15,T-27,1,1,3,4,0,1,0
M-2018-57,WC-2018,quarter-finals,S-111,T-80,T-28,0,2,0,0,0,1,0
M-2018-58,WC-2018,quarter-finals,S-108,T-09,T-06,1,2,0,0,0,1,0
M-2018-59,WC-2018,quarter-finals,S-114,T-71,T-27,0,2,0,0,0,1,0
M-2018-60,WC-2018,quarter-finals,S-116,T-59,T-17,2,2,3,4,0,1,0
M-2018-61,WC-2018,semi-finals,S-113,T-28,T-06,1,0,0,0,1,0,0
M-2018-62,WC-2018,semi-finals,S-109,T-17,T-27,2,1,0,0,1,0,0
M-2018-63,WC-2018,third-place match,S-113,T-06,T-27,2,0,0,0,1,0,0
M-2018-64,WC-2018,final,S-109,T-28,T-17,4,2,0,0,1,0,0
